species_id,common_name,image_count,target_image_count,description,folder_path
72486,Egyptian Goose,27,27,"The Egyptian goose (Egyptian Goose) is a member of the duck, goose, and swan family Anatidae. It is native to Africa south of the Sahara and the Nile Valley.",/kaggle/input/ugbirds/birdsuganda/image/Egyptian_Goose
14588,Common Bulbul,25,25,"The common bulbul (Common Bulbul) is a member of the bulbul family of passerine birds. It is found in north-eastern, northern, western and central Africa.",/kaggle/input/ugbirds/birdsuganda/image/Common_Bulbul
3743,Hadada Ibis,25,25,"The hadada or hadeda ibis (Hadada Ibis), is an ibis found in Sub-Saharan Africa.",/kaggle/input/ugbirds/birdsuganda/image/Hadada_Ibis
1428,Helmeted Guineafowl,30,30,"The helmeted guineafowl (Helmeted Guineafowl) is the best known of the guineafowl bird family, Numididae, and the only member of the genus Numida. It is native to Africa, mainly south of the Sahara, and has been widely introduced into the West Indies, Brazil, Australia and Europe (e.g. southern France).",/kaggle/input/ugbirds/birdsuganda/image/Helmeted_Guineafowl
1455922,Laughing Dove,32,32,"The laughing dove (Laughing Dove) is a small pigeon that is a resident breeder in Africa, the Middle East, South Asia, and Western Australia where it has established itself in the wild after being released from Perth Zoo in 1898. This small long-tailed dove is found in dry scrub and semi-desert habitats where pairs can often be seen feeding on the ground. It is closely related to the spotted dove (Spilopelia chinensis) which is distinguished by...",/kaggle/input/ugbirds/birdsuganda/image/Laughing_Dove
4870,Blacksmith Lapwing,32,32,"The blacksmith lapwing or blacksmith plover (Blacksmith Lapwing) occurs commonly from Kenya through central Tanzania to southern and southwestern Africa. The vernacular name derives from the repeated metallic 'tink, tink, tink' alarm call, which suggests a blacksmith's hammer striking an anvil.",/kaggle/input/ugbirds/birdsuganda/image/Blacksmith_Lapwing
4954,Grey Heron,31,31,"The grey heron (Grey Heron) is a long-legged predatory wading bird of the heron family, Ardeidae, native throughout temperate Europe and Asia and also parts of Africa. It is resident in much of its range, but some populations from the more northern parts migrate southwards in autumn. A bird of wetland areas, it can be seen around lakes, rivers, ponds, marshes and on the sea coast. It feeds mostly on aquatic creatures which it catches after...",/kaggle/input/ugbirds/birdsuganda/image/Grey_Heron
411086,Western Cattle-Egret,32,32,"The cattle egret (Bubulcus ibis) is a cosmopolitan species of heron (family Ardeidae) found in the tropics, subtropics and warm temperate zones. It is the only member of the monotypic genus Bubulcus, although some authorities regard two of its subspecies as full species, the western cattle egret and the eastern cattle egret. Despite the similarities in plumage to the egrets of the genus Egretta, it is more closely related to the herons of Ardea. Originally native...",/kaggle/input/ugbirds/birdsuganda/image/Western_Cattle-Egret
20526,Common Ostrich,31,31,"The ostrich or common ostrich (Common Ostrich) is either one or two species of large flightless birds native to Africa, the only living member(s) of the genus Struthio, which is in the ratite family. In 2014, the Somali ostrich (Struthio molybdophanes) was recognized as a distinct species.",/kaggle/input/ugbirds/birdsuganda/image/Common_Ostrich
1505670,African Fish-Eagle,27,27,"The African fish eagle (African Fish-Eagle) or the African sea eagle is a large species of eagle found throughout sub-Saharan Africa wherever large bodies of open water with an abundant food supply occur. It is the national bird of Malawi, Namibia, Zambia, and Zimbabwe. As a result of its large range, it is known in many languages. Examples of names include: Vis Arend in Afrikaans, nkwazi in Chewa, aigle pêcheur in French, hungwe in Shona, inkwazi...",/kaggle/input/ugbirds/birdsuganda/image/African_Fish-Eagle
8268,Fork-tailed Drongo,24,24,"The fork-tailed drongo, also called the common drongo, African drongo, or savanna drongo (Fork-tailed Drongo), is a species of drongo in the family Dicruridae, which are medium-sized passerine birds of the Old World. It is native to the tropics, subtropics and temperate zones of the Afrotropics. Its range was formerly considered to include Asia, but the Asian species is now called the black drongo (Dicrurus macrocercus).",/kaggle/input/ugbirds/birdsuganda/image/Fork-tailed_Drongo
2988,Red-eyed Dove,31,31,"The red-eyed dove (Red-eyed Dove) is a pigeon which is a widespread resident breeding bird in Africa south of the Sahara. It is a common, if not abundant, species in most habitats other than desert.",/kaggle/input/ugbirds/birdsuganda/image/Red-eyed_Dove
508246,Reed Cormorant,28,28,"The reed cormorant (Reed Cormorant), also known as the long-tailed cormorant, is a bird in the cormorant family Phalacrocoracidae. It breeds in much of Africa south of the Sahara, and Madagascar. It is resident but undertakes some seasonal movements.",/kaggle/input/ugbirds/birdsuganda/image/Reed_Cormorant
3739,African Sacred Ibis,30,30,The African sacred ibis (African Sacred Ibis) is a species of ibis. Its sister species is the Australian white ibis.,/kaggle/input/ugbirds/birdsuganda/image/African_Sacred_Ibis
13804,Southern Masked Weaver,32,32,The southern masked weaver or African masked weaver (Southern Masked Weaver) is a resident breeding bird species common throughout southern Africa.,/kaggle/input/ugbirds/birdsuganda/image/Southern_Masked_Weaver
204531,Southern Fiscal,22,22,The southern fiscal or fiscal shrike (Southern Fiscal) is a member of the shrike family found through most of Sub-Saharan Africa. It is also sometimes named jackie hangman or butcher bird due to its habit of impaling its prey on acacia thorns to store the food for later consumption. It was previously lumped together with the northern fiscal (Lanius humeralis). Together they were known as the common fiscal.,/kaggle/input/ugbirds/birdsuganda/image/Southern_Fiscal
2662,Pied Kingfisher,28,28,"The pied kingfisher (Pied Kingfisher) is a water kingfisher and is found widely distributed across Africa and Asia. Originally described by Linnaeus in 1758, it has five recognised subspecies. Its black and white plumage, crest and the habit of hovering over clear lakes and rivers before diving for fish make it distinctive. Males have a double band across the breast while females have a single gorget that is often broken in the middle. They are usually...",/kaggle/input/ugbirds/birdsuganda/image/Pied_Kingfisher
4972,Black-headed Heron,23,23,"The black-headed heron (Black-headed Heron) is a wading bird of the heron family Ardeidae, common throughout much of sub-Saharan Africa and Madagascar. It is mainly resident, but some west African birds move further north in the rainy season.",/kaggle/input/ugbirds/birdsuganda/image/Black-headed_Heron
5268,Black Kite,29,29,"The black kite (Black Kite) is a medium-sized bird of prey in the family Accipitridae, which also includes many other diurnal raptors. It is thought to be the world's most abundant species of Accipitridae, although some populations have experienced dramatic declines or fluctuations. Current global population estimates run up to 6 million individuals. Unlike others of the group, black kites are opportunistic hunters and are more likely to scavenge. They spend a lot of time soaring",/kaggle/input/ugbirds/birdsuganda/image/Black_Kite
4943,Little Egret,28,28,"The little egret (Little Egret) is a species of small heron in the family Ardeidae. The genus name comes from the Provençal French Aigrette, ""egret"", a diminutive of Aigron,"" heron"". The species epithet garzetta is from the Italian name for this bird, garzetta or sgarzetta.",/kaggle/input/ugbirds/birdsuganda/image/Little_Egret
2269,Lilac-breasted Roller,23,23,"The lilac-breasted roller (Lilac-breasted Roller) is an African member of the roller family of birds. It is widely distributed in sub-Saharan Africa and the southern Arabian Peninsula, preferring open woodland and savanna; it is largely absent from treeless places. Usually found alone or in pairs, it perches conspicuously at the tops of trees, poles or other high vantage points from where it can spot insects, lizards, scorpions, snails, small birds and rodents moving about at ground...",/kaggle/input/ugbirds/birdsuganda/image/Lilac-breasted_Roller
8038,Pied Crow,26,26,The pied crow (Pied Crow) is a widely distributed African bird species in the crow genus.,/kaggle/input/ugbirds/birdsuganda/image/Pied_Crow
4270,Great Cormorant,25,25,"The great cormorant (Great Cormorant), known as the great black cormorant across the Northern Hemisphere, the black cormorant in Australia, the large cormorant in India and the black shag further south in New Zealand, is a widespread member of the cormorant family of seabirds. The genus name is Latinised Ancient Greek, from φαλακρός (phalakros, ""bald"") and κόραξ (korax, ""raven""), and carbo is Latin for ""charcoal"".",/kaggle/input/ugbirds/birdsuganda/image/Great_Cormorant
5363,White-backed Vulture,25,25,"The white-backed vulture (White-backed Vulture) is an Old World vulture in the family Accipitridae, which also includes eagles, kites, buzzards and hawks. It is closely related to the European griffon vulture, G. fulvus. Sometimes it is called African white-backed vulture to distinguish it from the Oriental white-backed vulture — nowadays usually called white-rumped vulture — to which it was formerly believed to be closely related.",/kaggle/input/ugbirds/birdsuganda/image/White-backed_Vulture
13699,Cape Wagtail,27,27,"The Cape wagtail, also known as Wells's wagtail, (Cape Wagtail) is a small African passerine bird in the family Motacillidae, which includes the wagtails, pipits and longclaws.",/kaggle/input/ugbirds/birdsuganda/image/Cape_Wagtail
3036,Speckled Pigeon,30,30,"The speckled pigeon (Speckled Pigeon), or (African) rock pigeon, is a pigeon that is a resident breeding bird in much of Africa south of the Sahara. It is a common and widespread species in open habitats over much of its range, although there are sizable gaps in its distribution.",/kaggle/input/ugbirds/birdsuganda/image/Speckled_Pigeon
4388,Kelp Gull,22,22,"The  kelp gull (Kelp Gull), also known as the Dominican gull, is a gull which breeds on coasts and islands through much of the Southern Hemisphere. The nominate L. d. dominicanus is the subspecies found around South America, parts of Australia (where it overlaps with the Pacific gull), and New Zealand (where it is known as the southern black-backed gull, simply the black-backed gull, or by its Māori name karoro). L. d. vetula (known as...",/kaggle/input/ugbirds/birdsuganda/image/Kelp_Gull
13853,Cape Sparrow,29,29,"The Cape sparrow or mossie (Cape Sparrow) is a bird of the sparrow family Passeridae found in southern Africa. A medium-sized sparrow at 14–16 centimetres (5.5–6.3 in), it has distinctive plumage, including large pale head stripes in both sexes. Its plumage is mostly coloured grey, brown, and chestnut, and the male has some bold black and white markings on its head and neck. The species inhabits semi-arid savannah, cultivated areas, and towns, and ranges from the central...",/kaggle/input/ugbirds/birdsuganda/image/Cape_Sparrow
13858,House Sparrow,22,22,"The house sparrow (House Sparrow) is a bird of the sparrow family Passeridae, found in most parts of the world. A small bird, it has a typical length of 16 cm (6.3 in) and a mass of 24–39.5 g (0.85–1.39 oz). Females and young birds are coloured pale brown and grey, and males have brighter black, white, and brown markings. One of about 25 species in the genus Passer, the house sparrow is native to most of Europe, the Mediterranean Basin,...",/kaggle/input/ugbirds/birdsuganda/image/House_Sparrow
204554,Red-winged Starling,25,25,"The red-winged starling (Red-winged Starling) is a bird of the starling family Sturnidae native to eastern Africa from Ethiopia to the Cape in South Africa. It is known in Afrikaans as the rooivlerkspreeu, and as iSomi in Xhosa and Zulu.",/kaggle/input/ugbirds/birdsuganda/image/Red-winged_Starling
13801,Cape Weaver,29,29,"The Cape weaver (Cape Weaver) is a resident breeding weaver of Southern Africa, it is almost endemic to South Africa.",/kaggle/input/ugbirds/birdsuganda/image/Cape_Weaver
3704,Speckled Mousebird,30,30,"The speckled mousebird (Speckled Mousebird) is the largest species of mousebird, as well as one of the most common.",/kaggle/input/ugbirds/birdsuganda/image/Speckled_Mousebird
13796,Village Weaver,33,33,"The village weaver (Village Weaver), also known as the spotted-backed weaver or black-headed weaver (the latter leading to easy confusion with P. melanocephalus), is a species of bird found in much of sub-Saharan Africa. It has also been introduced to Hispaniola, Mauritius and Réunion.",/kaggle/input/ugbirds/birdsuganda/image/Village_Weaver
4835,Black-winged Stilt,30,30,The black-winged stilt (Black-winged Stilt) is a widely distributed very long-legged wader in the avocet and stilt family (Recurvirostridae). It is now widely accepted that the scientific name H. himantopus which was formerly applied to a single almost cosmopolitan species and is now normally applied to the widespread form from Eurasia and Africa which was formerly regarded as the nominate subspecies of Black-winged Stilt sensu lato. The scientific name Himantopus comes from the Greek mean,/kaggle/input/ugbirds/birdsuganda/image/Black-winged_Stilt
20969,Common Hoopoe,29,29,"The Eurasian hoopoe (Common Hoopoe) is the most widespread species of the genus Upupa, native to Europe, Asia and the northern half of Africa.",/kaggle/input/ugbirds/birdsuganda/image/Common_Hoopoe
1585912,Cape Robin-Chat,28,28,The Cape robin-chat (Cape Robin-Chat) is a small passerine bird of the Old World flycatcher family Muscicapidae. It has a disjunct range from South Sudan to South Africa.,/kaggle/input/ugbirds/birdsuganda/image/Cape_Robin-Chat
201031,Marabou Stork,27,27,"The marabou stork (Marabou Stork) is a large wading bird in the stork family Ciconiidae. It breeds in Africa south of the Sahara, in both wet and arid habitats, often near human habitation, especially landfill sites. It is sometimes called the ""undertaker bird"" due to its shape from behind: cloak-like wings and back, skinny white legs, and sometimes a large white mass of ""hair"".",/kaggle/input/ugbirds/birdsuganda/image/Marabou_Stork
145157,Southern Double-collared Sunbird,26,26,"The southern double-collared sunbird or lesser double-collared sunbird (Southern Double-collared Sunbird) (formerly placed in the genus Nectarinia), is a small passerine bird which breeds in southern Africa. It is mainly resident, but partially migratory in the north-east of its range.",/kaggle/input/ugbirds/birdsuganda/image/Southern_Double-collared_Sunbird
13962,Southern Red Bishop,32,32,"The southern red bishop or red bishop (Southern Red Bishop) is a small passerine bird belonging to the bishop and widowbird genus Euplectes in the weaver family, the Ploceidae. It is common in wetlands and grassland in Africa south of the Equator. North of the Equator, it is replaced by the northern red bishop or orange bishop (E. franciscanus) which was formerly regarded as a subspecies of this species.",/kaggle/input/ugbirds/birdsuganda/image/Southern_Red_Bishop
487,Red-knobbed Coot,24,24,"The red-knobbed coot or crested coot, (Red-knobbed Coot), is a member of the rail and crake bird family, the Rallidae.",/kaggle/input/ugbirds/birdsuganda/image/Red-knobbed_Coot
2959,Ring-necked Dove,22,22,"The ring-necked dove (Ring-necked Dove), also known as the Cape turtle dove or half-collared dove, is a widespread and often abundant dove species in East and southern Africa. It is a mostly sedentary bird, found in a catholic variety of open habitats. Within range, its penetrating and rhythmic, three-syllabled crooning is a familiar sound at any time of the year. Its name is derived from the semi-collar of black feathers on the lower nape, a feature...",/kaggle/input/ugbirds/birdsuganda/image/Ring-necked_Dove
2346,Brown-hooded Kingfisher,27,27,"The brown-hooded kingfisher (Brown-hooded Kingfisher) is a species of bird in the subfamily Halcyoninae. It is found in Angola, Botswana, Republic of the Congo, Democratic Republic of the Congo, Gabon, Kenya, Malawi, Mozambique, Namibia, Somalia, South Africa, Swaziland, Tanzania, Zambia, and Zimbabwe.",/kaggle/input/ugbirds/birdsuganda/image/Brown-hooded_Kingfisher
6965,Yellow-billed Duck,24,24,The yellow-billed duck (Yellow-billed Duck) is a 51–58 cm long dabbling duck which is an abundant resident breeder in southern and eastern Africa.,/kaggle/input/ugbirds/birdsuganda/image/Yellow-billed_Duck
3834,Hamerkop,32,32,"The hamerkop (Hamerkop), is a medium-sized wading bird. It is the only living species in the genus Scopus and the family Scopidae. The shape of its head with a long bill and crest at the back is reminiscent of a hammer, which has given this species its name. It is found in Africa, Madagascar to Arabia, living in a wide variety of wetlands, including estuaries, lakesides, fish ponds, riverbanks and rocky coasts. The hamerkop, which...",/kaggle/input/ugbirds/birdsuganda/image/Hamerkop
4585,African Jacana,27,27,"The African jacana (African Jacana) is a wader in the family Jacanidae, identifiable by long toes and long claws that enable them to walk on floating vegetation in shallow lakes, their preferred habitat. Jacanas are found worldwide within the tropical zone, and this species is found in sub-saharan Africa. For the origin and pronunciation of the name, see jacana.",/kaggle/input/ugbirds/birdsuganda/image/African_Jacana
5066,African Darter,25,25,"The African darter (African Darter), sometimes called the snakebird, is a water bird of sub-Saharan Africa and Iraq.",/kaggle/input/ugbirds/birdsuganda/image/African_Darter
5079,Tawny Eagle,22,22,"The tawny eagle (Tawny Eagle) is a large, long-lived bird of prey. Like all eagles, it belongs to the family Accipitridae. Its heavily feathered legs illustrate it to be a member of the subfamily Aquilinae, also known as “booted eagles”. Tawny eagles have an extensive but discontinuous breeding range that constitutes much of the African continent as well as the Indian subcontinent, with rare residency occurring in the southern Middle East. Throughout its range, it favours",/kaggle/input/ugbirds/birdsuganda/image/Tawny_Eagle
472770,Cape White-eye,33,33,The Cape white-eye (Cape White-eye) is a small passerine bird in the white-eye family. It is native to southern Africa.,/kaggle/input/ugbirds/birdsuganda/image/Cape_White-eye
2185,Little Bee-eater,24,24,"The little bee-eater (Little Bee-eater) is a near passerine bird in the bee-eater family Meropidae. It is resident in much of Sub-Saharan Africa. It should not be confused with the little green bee-eater, Merops orientalis. Migration is limited to seasonal movements depending on rainfall patterns.",/kaggle/input/ugbirds/birdsuganda/image/Little_Bee-eater
201282,Common Moorhen,33,33,The common moorhen (Common Moorhen) (also known as the waterhen and as the swamp chicken) is a bird species in the family Rallidae. It is distributed across many parts of the Old World.,/kaggle/input/ugbirds/birdsuganda/image/Common_Moorhen
5275,Black-winged Kite,32,32,"The black-winged kite (Black-winged Kite) is a small diurnal bird of prey in the family Accipitridae best known for its habit of hovering over open grasslands in the manner of the much smaller kestrels. This Eurasian and African species was sometimes combined with the Australian black-shouldered kite (Elanus axillaris) and the white-tailed kite (Elanus leucurus) of North and South America which together form a superspecies. This kite is distinctive, with long-wings, white, grey and black plumage.",/kaggle/input/ugbirds/birdsuganda/image/Black-winged_Kite
13251,Fiscal Flycatcher,31,31,"The fiscal flycatcher (Melaenornis silens) is a small passerine bird in the Old World flycatcher family. It is a resident breeder in Botswana, South Africa, Lesotho, Mozambique and Swaziland, and a vagrant to Namibia.",/kaggle/input/ugbirds/birdsuganda/image/Fiscal_Flycatcher
14930,Cape Starling,24,24,"The Cape starling, red-shouldered glossy-starling or Cape glossy starling (Cape Starling) is a species of starling in the family Sturnidae. It is found in southern Africa, where it lives in woodlands, bushveld and in suburbs.",/kaggle/input/ugbirds/birdsuganda/image/Cape_Starling
73222,Greater Flamingo,32,32,"The greater flamingo (Greater Flamingo) is the most widespread species of the flamingo family. It is found in Africa, on the Indian subcontinent, in the Middle East and southern Europe.",/kaggle/input/ugbirds/birdsuganda/image/Greater_Flamingo
55371,African Stonechat,22,22,"The African stonechat or common stonechat (African Stonechat) is a species of the Old World flycatcher family (Muscicapidae), inhabiting sub-Saharan Africa and adjacent regions. Like the other chats, it was long assigned to the thrush family (Turdidae), to which the chats are convergent. Its scientific name refer to its appearance and habitat and means ""collared rock-dweller"": Saxicola from Latin saxum (""rock"") + incola (""one who dwells in a place""), torquatus, Latin for ""collared"".",/kaggle/input/ugbirds/birdsuganda/image/African_Stonechat
4744,Yellow-billed Stork,25,25,"The yellow-billed stork (Yellow-billed Stork), sometimes also called the wood stork or wood ibis, is a large African wading stork species in the family Ciconiidae. It is widespread in regions south of the Sahara and also occurs in Madagascar.",/kaggle/input/ugbirds/birdsuganda/image/Yellow-billed_Stork
980204,Familiar Chat,31,31,"The familiar chat (Familiar Chat), is a small passerine bird of the Old World flycatcher family Muscicapidae. It is a common resident breeder in Africa south of the Sahara in rocky and mountainous habitat and around human habitation.",/kaggle/input/ugbirds/birdsuganda/image/Familiar_Chat
14594,Cape Bulbul,23,23,"The Cape bulbul (Cape Bulbul) is a member of the bulbul family of passerine birds. It is an endemic resident breeder in coastal bush, open forest, gardens and fynbos in western and southern South Africa. This species nests mainly in the southern spring from September to November. The nest is thick walled cup concealed by foliage in a small tree or shrub.",/kaggle/input/ugbirds/birdsuganda/image/Cape_Bulbul
5198,Jackal Buzzard,33,33,"The jackal buzzard (Jackal Buzzard) is a 45–55 cm long African bird of prey. The taxonomy on this species is confusing, with some taxonomists considering this species, the Archer's buzzard, and the augur buzzard to be the same superspecies. Many taxonomists consider them all to be distinct, having different calls, different home ranges and variations in plumage. This is a species that lives among mountains, and on adjacent savanna and grassland. It is resident and non-migratory throughout...",/kaggle/input/ugbirds/birdsuganda/image/Jackal_Buzzard
4877,Crowned Lapwing,31,31,"The crowned lapwing (Crowned Lapwing), or crowned plover, is a bird of the lapwing subfamily that occurs contiguously from the Red Sea coast of Somalia to southern and southwestern Africa. It is an adaptable and numerous species, with bold and noisy habits. It is related to the more localized black-winged and Senegal lapwings, with which it shares some plumage characteristics.",/kaggle/input/ugbirds/birdsuganda/image/Crowned_Lapwing
144651,Malachite Kingfisher,24,24,The malachite kingfisher (Malachite Kingfisher) is a river kingfisher which is widely distributed in Africa south of the Sahara. It is largely resident except for seasonal climate-related movements.,/kaggle/input/ugbirds/birdsuganda/image/Malachite_Kingfisher
144509,Hartlaubs Gull,23,23,"The Hartlaub's gull or king gull, (Hartlaub's Gull) is a small gull, which is a non-migratory breeding resident endemic to the Atlantic Ocean coastline of South Africa and Namibia. Although it is predominantly coastal or estuarine, it is not a pelagic species, and is rarely seen at sea far from land. It was formerly sometimes considered to be a subspecies of the silver gull (C. novaehollandiae), and, as is the case with many gulls, it has...",/kaggle/input/ugbirds/birdsuganda/image/Hartlaubs_Gull
4237,Little Grebe,30,30,"The little grebe (Little Grebe), also known as dabchick, is a member of the grebe family of water birds. The genus name is from Ancient Greek takhus ""fast"" and bapto ""to sink under"". The specific ruficollis is from Latin rufus ""red"" and Modern Latin -collis, ""-necked"", itself derived from Latin collum ""neck"".",/kaggle/input/ugbirds/birdsuganda/image/Little_Grebe
13701,African Pied Wagtail,30,30,"The African pied wagtail, or African wagtail, (African Pied Wagtail) is a species of bird in the family Motacillidae.",/kaggle/input/ugbirds/birdsuganda/image/African_Pied_Wagtail
343746,Cape Spurfowl,29,29,"The Cape spurfowl, or Cape francolin (Cape Spurfowl) is a gamebird in the pheasant family Phasianidae. This francolin is endemic to the southwestern Cape of South Africa.",/kaggle/input/ugbirds/birdsuganda/image/Cape_Spurfowl
6898,White-faced Whistling-Duck,29,29,The white-faced whistling duck (White-faced Whistling-Duck) is a whistling duck that breeds in sub-Saharan Africa and much of South America.,/kaggle/input/ugbirds/birdsuganda/image/White-faced_Whistling-Duck
367700,Bronze Mannikin,24,24,"The bronze mannikin or bronze munia (Lonchura cucullata) is a small passerine (i.e. perching) bird of the Afrotropics. This very social estrildid finch is an uncommon to locally abundant bird in much of Africa south of the Sahara Desert, where it is resident, nomadic or irruptive in mesic savanna or forest margin habitats. It has an estimated global extent of occurrence of 8,100,000 km². It is the smallest and most widespread of four munia species on the...",/kaggle/input/ugbirds/birdsuganda/image/Bronze_Mannikin
1580335,Three-banded Plover,26,26,"The three-banded plover, or three-banded sandplover (Charadrius tricollaris), is a small wader. This plover is resident and generally sedentary in much of East Africa, southern Africa and Madagascar. It occurs mainly on inland rivers, pools, lakes and pans, frequenting their exposed shores. This species is often seen as single individuals, but it will form small flocks. It hunts by sight for insects, worms and other invertebrates. Three-banded plovers have a sharp whistled weeet-weet call. Its l",/kaggle/input/ugbirds/birdsuganda/image/Three-banded_Plover
13442,Cape Sugarbird,28,28,The Cape sugarbird (Cape Sugarbird) is one of the six bird species endemic to the Fynbos biome of the Western Cape and Eastern Cape provinces of South Africa.,/kaggle/input/ugbirds/birdsuganda/image/Cape_Sugarbird
115,Kori Bustard,28,28,"The kori bustard (Kori Bustard) is the largest flying bird native to Africa. It is a member of the bustard family, which all belong to the order Otidiformes and are restricted in distribution to the Old World. It is one of the four species (ranging from Africa to India to Australia) in the large-bodied Ardeotis genus. In fact, the male kori bustard may be the heaviest living animal capable of flight.",/kaggle/input/ugbirds/birdsuganda/image/Kori_Bustard
5231,Bateleur,24,24,"The Bateleur (Bateleur) is a medium-sized eagle in the family Accipitridae. Its closest relatives are the snake eagles. It is the only member of the genus Terathopius and may be the origin of the ""Zimbabwe Bird"", the national emblem of Zimbabwe. It is endemic to Africa and small parts of Arabia. ""Bateleur"" is French for ""street performer"".",/kaggle/input/ugbirds/birdsuganda/image/Bateleur
117214,Secretarybird,32,32,"The secretarybird or secretary bird (Secretarybird) is a large, mostly terrestrial bird of prey. Endemic to Africa, it is usually found in the open grasslands and savanna of the sub-Saharan region. John Frederick Miller described the species in 1779. Although a member of the order Accipitriformes, which also includes many other diurnal birds of prey such as kites, hawks, vultures, and harriers, it is placed in its own family, Sagittariidae.",/kaggle/input/ugbirds/birdsuganda/image/Secretarybird
14115,White-browed Sparrow-Weaver,26,26,"The white-browed sparrow-weaver (White-browed Sparrow-Weaver) is a predominantly brown, sparrow-sized bird found throughout central and north-central southern Africa. It is found in groups of two to eleven individuals consisting of one breeding pair and nonreproductive individuals.",/kaggle/input/ugbirds/birdsuganda/image/White-browed_Sparrow-Weaver
3813,African Penguin,23,23,"The African penguin (African Penguin), also known as the jackass penguin and black-footed penguin is a species of penguin, confined to southern African waters. It is also widely known as the ""jackass"" penguin for its donkey-like bray, although several related species of South American penguins produce the same sound. Like all extant penguins it is flightless, with a streamlined body, and wings stiffened and flattened into flippers for a marine habitat. Adults weigh on average 2.2–3.5 kg...",/kaggle/input/ugbirds/birdsuganda/image/African_Penguin
14051,Red-billed Firefinch,32,32,"The red-billed firefinch or Senegal firefinch (Red-billed Firefinch) is a small passerine bird. This estrildid finch is a resident breeding bird in most of Sub-Saharan Africa with an estimated global extent of occurrence of 10,000,000 km2. This species was introduced to Egypt, however, the introduced population has become extinct.",/kaggle/input/ugbirds/birdsuganda/image/Red-billed_Firefinch
14011,Pin-tailed Whydah,25,25,The pin-tailed whydah (Pin-tailed Whydah) is a small songbird with a conspicuous pennant-like tail in breeding males. It is a resident breeding bird in most of Africa south of the Sahara Desert.,/kaggle/input/ugbirds/birdsuganda/image/Pin-tailed_Whydah
7146,Spur-winged Goose,28,28,"The spur-winged goose (Spur-winged Goose) is a large bird in the family Anatidae, related to the geese and the shelducks, but distinct from both of these in a number of anatomical features, and therefore treated in its own subfamily, the Plectropterinae. It occurs in wetlands throughout sub-Saharan Africa.",/kaggle/input/ugbirds/birdsuganda/image/Spur-winged_Goose
3734,African Spoonbill,32,32,"The African spoonbill (African Spoonbill) is a long-legged wading bird of the ibis and spoonbill family Threskiornithidae. The species is widespread across Africa and Madagascar, including Botswana, Kenya, Mozambique, Namibia, South Africa, and Zimbabwe.",/kaggle/input/ugbirds/birdsuganda/image/African_Spoonbill
4839,African Oystercatcher,23,23,"The African oystercatcher or African black oystercatcher (African Oystercatcher), is a large charismatic wader resident to the mainland coasts and offshore islands of southern Africa. This near-threatened oystercatcher has a population of over 6,000 adults, which breed between November and April. The scientific name moquini commemorates the French naturalist Alfred Moquin-Tandon who discovered and named this species before Bonaparte.",/kaggle/input/ugbirds/birdsuganda/image/African_Oystercatcher
5479,Southern Yellow-billed Hornbill,30,30,"The southern yellow-billed hornbill (Southern Yellow-billed Hornbill) is a hornbill found in southern Africa. Yellow-billed hornbills feed mainly on the ground, where they forage for seeds, small insects, spiders and scorpions. This hornbill species is a common and widespread resident of dry thornveldt and broad-leafed woodlands. They can often be seen along roads and water courses.",/kaggle/input/ugbirds/birdsuganda/image/Southern_Yellow-billed_Hornbill
1506034,Grey Go-away-bird,27,27,"The grey go-away-bird (Grey Go-away-bird), also known as grey lourie, grey loerie, or kwêvoël, is a bold and common turaco of the southern Afrotropics. They are present in arid to moist, open woodlands and thorn savanna, especially near surface water. They regularly form groups and parties that forage in tree tops, or dust bathe on the ground. Especially when disturbed, they make their presence known by their characteristically loud and nasal ""kweh"" or ""go-way"" calls, with...",/kaggle/input/ugbirds/birdsuganda/image/Grey_Go-away-bird
204470,Spotted Eagle-Owl,23,23,"The spotted eagle-owl (Spotted Eagle-Owl) is a medium-sized species of owl, one of the smallest of the eagle owls. Its length is 45 centimetres (18 in) and its weight is from 454 to 907 grams (1.0 to 2.0 lb). It has a 100 to 140 centimetres (39 to 55 in) wingspan. The facial disk is off white to pale ochre and the eyes are yellow. It has prominent ear tufts, and the upper body is dusky brown, the lower...",/kaggle/input/ugbirds/birdsuganda/image/Spotted_Eagle-Owl
5246,African Harrier-Hawk,24,24,"The African harrier-hawk, harrier hawk, or gymnogene (African Harrier-Hawk) is a bird of prey. It is about 60–66 cm in length, and is related to the harriers. It breeds in most of Africa south of the Sahara. The only other member of the genus is the allopatric Madagascan harrier-hawk (Polyboroides radiatus).",/kaggle/input/ugbirds/birdsuganda/image/African_Harrier-Hawk
1584479,Red-billed Oxpecker,28,28,"The red-billed oxpecker (Buphagus erythrorynchus) is a passerine bird in the oxpecker family, Buphagidae. It is native to the eastern savannah of sub-Saharan Africa, from the Central African Republic east to South Sudan and south to northern and eastern South Africa. It is more widespread than the yellow-billed oxpecker in Southern Africa, where their ranges overlap.",/kaggle/input/ugbirds/birdsuganda/image/Red-billed_Oxpecker
13300,Malachite Sunbird,27,27,The malachite sunbird (Malachite Sunbird) is a small nectarivorous bird found from the highlands of Ethiopia southwards to South Africa.,/kaggle/input/ugbirds/birdsuganda/image/Malachite_Sunbird
7730,Karoo Prinia,23,23,"The Karoo prinia or spotted prinia (Karoo Prinia) is a small passerine bird. It is a resident breeder in South Africa, Lesotho and far southern Namibia.",/kaggle/input/ugbirds/birdsuganda/image/Karoo_Prinia
73152,Southern Gray-headed Sparrow,30,30,"The southern grey-headed sparrow (Southern Gray-headed Sparrow) is a passerine bird of the sparrow family Passeridae. It is sometimes treated as a subspecies of the grey-headed sparrow. It is found in savanna and woodland in Angola and Zambia southwards into South Africa, where it is expanding its range and is kept as a caged bird, like its relative the white-rumped seedeater.",/kaggle/input/ugbirds/birdsuganda/image/Southern_Gray-headed_Sparrow
4327,Great White Pelican,25,25,"The great white pelican (Great White Pelican) also known as the eastern white pelican, rosy pelican or white pelican is a bird in the pelican family. It breeds from southeastern Europe through Asia and Africa, in swamps and shallow lakes.",/kaggle/input/ugbirds/birdsuganda/image/Great_White_Pelican
144455,Great Egret,27,27,"The great egret (Great Egret), also known as the common egret, large egret or (in the Old World) great white egret or great white heron is a large, widely distributed egret, with four subspecies found in Asia, Africa, the Americas, and southern Europe. Distributed across most of the tropical and warmer temperate regions of the world. It builds tree nests in colonies close to water.",/kaggle/input/ugbirds/birdsuganda/image/Great_Egret
4922,Spotted Thick-knee,27,27,"The spotted thick-knee (Spotted Thick-knee) also known as the spotted dikkop or Cape thick-knee, is a wader in the family Burhinidae. It is native to tropical regions of central and southern Africa.",/kaggle/input/ugbirds/birdsuganda/image/Spotted_Thick-knee
3017,Rock Pigeon,28,28,"The rock dove or rock pigeon (/ˈpɪdʒ.ən/ also /ˈpɪdʒ.ɪn/; Rock Pigeon) is a member of the bird family Columbidae (doves and pigeons).:624 In common usage, this bird is often simply referred to as the ""pigeon"".",/kaggle/input/ugbirds/birdsuganda/image/Rock_Pigeon
5426,Hooded Vulture,23,23,"The hooded vulture (Hooded Vulture) is an Old World vulture in the order Accipitriformes, which also includes eagles, kites, buzzards and hawks. It is the only member of the genus Necrosyrtes and is native to sub-Saharan Africa. It is a scruffy-looking, small vulture with dark brown plumage, a long thin bill, bare crown, face and fore-neck, and a downy nape and hind-neck. It typically scavenges on carcasses. Although this is a common species, numbers of these...",/kaggle/input/ugbirds/birdsuganda/image/Hooded_Vulture
53,Gray Crowned-Crane,26,26,"The grey crowned crane (Gray Crowned-Crane) is a bird in the crane family Gruidae. It is found in eastern and southern Africa, and is the national bird of Uganda.",/kaggle/input/ugbirds/birdsuganda/image/Gray_Crowned-Crane
144281,Southern Ground Hornbill,32,32,"The southern ground hornbill (Southern Ground Hornbill; formerly known as Bucorvus cafer), is one of two species of ground hornbill, which are both found solely within Africa, and is the largest species of hornbill worldwide. It can be found in the southern regions of Africa, ranging from Kenya to South Africa. Within these regions, they inhabit both woodlands and savannas. The other species of the genus Bucorvus found in Africa is the Abyssinian ground hornbill, B. abyssinicus.",/kaggle/input/ugbirds/birdsuganda/image/Southern_Ground_Hornbill
5344,Martial Eagle,30,30,"The martial eagle (Martial Eagle) is a large eagle native to sub-Saharan Africa. It is the only member of the genus Polemaetus. A species of the booted eagle subfamily (Aquillinae), it has feathering over its tarsus. One of the largest and most powerful species of booted eagle, it is a fairly opportunistic predator that varies its prey selection between mammals, birds and reptiles. Its hunting technique is unique as it is one of few eagle species...",/kaggle/input/ugbirds/birdsuganda/image/Martial_Eagle
8354,African Paradise-Flycatcher,32,32,The African paradise flycatcher (African Paradise-Flycatcher) is a medium-sized passerine bird with a very long tail. It is a common resident breeder in Africa south of the Sahara Desert. The male is boldly coloured in chestnut and black and the female is rather more drab. This bird feeds mainly on insects and builds a tiny cup nest in a tree where two or three eggs are laid. This species is usually found in open forests and...,/kaggle/input/ugbirds/birdsuganda/image/African_Paradise-Flycatcher
5338,Pale Chanting-Goshawk,22,22,"The (southern) pale chanting goshawk (Pale Chanting-Goshawk) is a bird of prey in the family Accipitridae. This hawk breeds in southern Africa. It is a resident species of dry, open semi-desert with 75 cm or less annual rainfall. It is commonly seen perched on roadside telephone poles.",/kaggle/input/ugbirds/birdsuganda/image/Pale_Chanting-Goshawk
2248,White-fronted Bee-eater,27,27,The white-fronted bee-eater (White-fronted Bee-eater) is a species of bee-eater widely distributed in sub-equatorial Africa.,/kaggle/input/ugbirds/birdsuganda/image/White-fronted_Bee-eater
11901,Barn Swallow,33,33,"The barn swallow (Barn Swallow) is the most widespread species of swallow in the world. It is a distinctive passerine bird with blue upperparts, a long, deeply forked tail and curved, pointed wings. It is found in Europe, Asia, Africa and the Americas. In Anglophone Europe it is just called the swallow; in Northern Europe it is the only common species called a ""swallow"" rather than a ""martin"".",/kaggle/input/ugbirds/birdsuganda/image/Barn_Swallow
145130,Orange-breasted Sunbird,24,24,"The orange-breasted sunbird (Orange-breasted Sunbird) is the only member of the bird genus Anthobaphes; however, it is sometimes placed in the genus Nectarinia. This sunbird is endemic to the fynbos habitat of southwestern South Africa.",/kaggle/input/ugbirds/birdsuganda/image/Orange-breasted_Sunbird
4754,Saddle-billed Stork,24,24,"The saddle-billed stork, or saddlebill (Saddle-billed Stork) is a large wading bird in the stork family, Ciconiidae. It is a widespread species which is a resident breeder in sub-Saharan Africa from Sudan, Ethiopia and Kenya south to South Africa, and in The Gambia, Senegal, Côte d'Ivoire and Chad in west Africa. Considered Endangered in South Africa.",/kaggle/input/ugbirds/birdsuganda/image/Saddle-billed_Stork
4733,White Stork,29,29,"The white stork (White Stork) is a large bird in the stork family Ciconiidae. Its plumage is mainly white, with black on its wings. Adults have long red legs and long pointed red beaks, and measure on average 100–115 cm (39–45 in) from beak tip to end of tail, with a 155–215 cm (61–85 in) wingspan. The two subspecies, which differ slightly in size, breed in Europe (north to Finland), northwestern Africa, southwestern Asia (east to southern Kazakhstan) and southern...",/kaggle/input/ugbirds/birdsuganda/image/White_Stork
14939,Superb Starling,23,23,The Superb Starling (Superb Starling) is a member of the starling family of birds. It was formerly known as Spreo superbus.,/kaggle/input/ugbirds/birdsuganda/image/Superb_Starling
12978,African Dusky Flycatcher,23,23,"The African dusky flycatcher, dusky-brown flycatcher or dusky alseonax, African Dusky Flycatcher, is a small passerine bird of the Old World flycatcher family, Muscicapidae. It is a resident breeder in Africa from Nigeria, the Central African Republic, South Sudan and Ethiopia south to South Africa. It is very common in its woodland habitat, which includes riverine forests, evergreen forest edges and clearings, especially near water bodies such as lakes, dams and streams, and well-wooded suburban garden",/kaggle/input/ugbirds/birdsuganda/image/African_Dusky_Flycatcher
14026,Southern Cordonbleu,22,22,"The blue waxbill (Southern Cordonbleu), also called Southern blue waxbill, blue-breasted waxbill, Southern cordon-bleu, blue-cheeked cordon-bleu, blue-breasted cordon-bleu and Angola cordon-bleu, is a common species of estrildid finch found in Southern Africa. It is also relatively commonly kept as an aviary bird.",/kaggle/input/ugbirds/birdsuganda/image/Southern_Cordonbleu
14005,Red-billed Quelea,29,29,"The red-billed quelea (Red-billed Quelea), also known as the red-billed weaver or red-billed dioch, is a small—approximately 12 cm (4.7 in) long and weighing 15–26 g (0.53–0.92 oz)—migratory, sparrow-like bird of the weaver family, Ploceidae, native to Sub-Saharan Africa. It was named by Linnaeus in 1758, who considered it a bunting, but Ludwig Reichenbach assigned it in 1850 to the new genus Quelea. Three subspecies are recognised, with Red-billed Quelea quelea occurring roughly from Senegal to Chad, Q",/kaggle/input/ugbirds/birdsuganda/image/Red-billed_Quelea
512166,African Gray Hornbill,32,32,The African grey hornbill (African Gray Hornbill) is a member of the hornbill family of tropical near-passerine birds found in the Old World. It is a widespread and common resident breeder in much of Sub-Saharan Africa and into Arabia.,/kaggle/input/ugbirds/birdsuganda/image/African_Gray_Hornbill
145142,Amethyst Sunbird,33,33,"The amethyst sunbird, also called the black sunbird (Amethyst Sunbird), is a species of passerine bird in the Nectariniidae family. It is native to the Afrotropics, mostly south of the equator. They are commonly found in well-watered habitats, and undertake seasonal movements to visit flowering woodlands. The demise of some woodlands have impacted their numbers locally, but their range has also expanded along with the spread of wooded gardens.",/kaggle/input/ugbirds/birdsuganda/image/Amethyst_Sunbird
4926,Water Thick-knee,30,30,"The water thick-knee (Water Thick-knee), or water dikkop is a species of bird in the family Burhinidae. It is found in Angola, Botswana, Burkina Faso, Burundi, Cameroon, Central African Republic, Republic of the Congo, Democratic Republic of the Congo, Ivory Coast, Ethiopia, Gabon, Ghana, Kenya, Liberia, Malawi, Mozambique, Namibia, Niger, Nigeria, Rwanda, Senegal, Somalia, South Africa, Swaziland, Tanzania, Uganda, Zambia, and Zimbabwe.",/kaggle/input/ugbirds/birdsuganda/image/Water_Thick-knee
558601,Yellow-fronted Canary,32,32,"The yellow-fronted canary (Yellow-fronted Canary), also called Yellow-eyed Canary, is a small passerine bird in the finch family. It is known elsewhere and in aviculture as the green singing finch.",/kaggle/input/ugbirds/birdsuganda/image/Yellow-fronted_Canary
4994,Squacco Heron,30,30,"The squacco heron (Squacco Heron) is a small heron, 44–47 cm (17–19 in) long, of which the body is 20–23 cm (7.9–9.1 in), with 80–92 cm (31–36 in) wingspan. It is of Old World origins, breeding in southern Europe and the Greater Middle East.",/kaggle/input/ugbirds/birdsuganda/image/Squacco_Heron
4868,Wattled Lapwing,29,29,"The African wattled lapwing or Senegal wattled plover (Wattled Lapwing) is a large lapwing, a group of largish waders in the family Charadriidae. It is a resident breeder in most of sub-Saharan Africa outside the rainforests, although it has seasonal movements.",/kaggle/input/ugbirds/birdsuganda/image/Wattled_Lapwing
14850,European Starling,31,31,"The common starling (European Starling), also known as the European starling, or in the British Isles just the starling, is a medium-sized passerine bird in the starling family, Sturnidae. It is about 20 cm (8 in) long and has glossy black plumage with a metallic sheen, which is speckled with white at some times of year. The legs are pink and the bill is black in winter and yellow in summer; young birds have browner plumage than the...",/kaggle/input/ugbirds/birdsuganda/image/European_Starling
47,Blue Crane,30,30,"The blue crane (Grus paradisea), also known as the Stanley crane and the paradise crane, is the national bird of South Africa. The species is listed as Vulnerable by the IUCN.",/kaggle/input/ugbirds/birdsuganda/image/Blue_Crane
4259,Lesser Flamingo,24,24,"The lesser flamingo (Lesser Flamingo) is a species of flamingo occurring in sub-Saharan Africa with another population in India. Birds are occasionally reported from further north, but these are generally considered vagrants. Until 2014, it was classified in genus Phoenicopterus but is now classified as the only species in the genus Phoeniconaias, the only monotypic genus of flamingo.",/kaggle/input/ugbirds/birdsuganda/image/Lesser_Flamingo
145208,African Pipit,31,31,"The African pipit (African Pipit) is a fairly small passerine bird belonging to the pipit genus Anthus in the family Motacillidae. It is also known as the grassveld pipit or grassland pipit. It was formerly lumped together with the Richard's, Australasian, mountain and paddyfield pipits in a single species, Richard's pipit (Anthus novaeseelandiae), but is now often treated as a species in its own right.",/kaggle/input/ugbirds/birdsuganda/image/African_Pipit
4969,Goliath Heron,24,24,"The Goliath heron (Goliath Heron), also known as the giant heron, is a very large wading bird of the heron family, Ardeidae. It is found in sub-Saharan Africa, with smaller numbers in Southwest and South Asia.",/kaggle/input/ugbirds/birdsuganda/image/Goliath_Heron
117135,Crested Barbet,25,25,"The crested barbet (Crested Barbet) ('trachys'=rough, 'phone'=voice, sound') is a sub-Saharan bird in the Lybiidae family. Its specific name commemorates François Levaillant, a famed French naturalist.",/kaggle/input/ugbirds/birdsuganda/image/Crested_Barbet
7660,Levaillants Cisticola,29,29,"Levaillant's cisticola or tinkling cisticola, Levaillant's Cisticola, is a small passerine bird).",/kaggle/input/ugbirds/birdsuganda/image/Levaillants_Cisticola
116950,Black-collared Barbet,29,29,"The black-collared barbet (Black-collared Barbet) is a species of bird in the family Lybiidae. It is found in Sub-Saharan Africa through Angola, Botswana, Burundi, Democratic Republic of the Congo, Kenya, Lesotho, Malawi, Mozambique, Namibia, Rwanda, South Africa, Swaziland, Tanzania, Uganda, Zambia, and Zimbabwe.",/kaggle/input/ugbirds/birdsuganda/image/Black-collared_Barbet
7729,Tawny-flanked Prinia,23,23,"The tawny-flanked prinia (Tawny-flanked Prinia) is a small passerine bird belonging to the genus Prinia in the family Cisticolidae, a family of Old World warblers. It is widespread and common in most parts of Africa south of the Sahara. The plain prinia (P. inornata) of southern Asia was formerly included in this species but is now usually considered to be a separate species.",/kaggle/input/ugbirds/birdsuganda/image/Tawny-flanked_Prinia
144795,Lesser Striped Swallow,25,25,The lesser striped swallow (Lesser Striped Swallow) is a large swallow. It breeds in Sub-Saharan Africa from Sierra Leone and southern Sudan south into eastern South Africa. It is partially migratory with South African birds wintering further north. West African birds leave the north of the breeding range in the dry season.,/kaggle/input/ugbirds/birdsuganda/image/Lesser_Striped_Swallow
1429237,African Woolly-necked Stork,23,23,"The African woolly-necked stork or African woollyneck (African Woolly-necked Stork) is a species of large wading bird in the stork family Ciconiidae. It breeds singly, or in small loose colonies. It is distributed in a wide variety of habitats including marshes in forests, agricultural areas, and freshwater wetlands across Africa.",/kaggle/input/ugbirds/birdsuganda/image/African_Woolly-necked_Stork
144508,Grey-hooded Gull,24,24,"The grey-headed gull (Grey-hooded Gull), also known as the grey-hooded gull, is a small gull which breeds patchily in South America and Africa south of the Sahara. It is not truly migratory, but is more widespread in winter. This species has occurred as a rare vagrant to North America, Italy and Spain. As is the case with many gulls, it has traditionally been placed in the genus Larus.",/kaggle/input/ugbirds/birdsuganda/image/Grey-hooded_Gull
1636180,Little Heron,22,22,"The little heron (Little Heron) is a small heron, about 44 cm tall. It is mostly sedentary and frequents both fresh and salt water habitats. It is found in the Old World tropics from west Africa to Japan and Australia. The little heron was formerly considered to be conspecific with the striated heron.",/kaggle/input/ugbirds/birdsuganda/image/Little_Heron
2337,Woodland Kingfisher,27,27,The woodland kingfisher (Woodland Kingfisher) is a tree kingfisher that is widely distributed in Africa south of the Sahara.,/kaggle/input/ugbirds/birdsuganda/image/Woodland_Kingfisher
13770,Common Waxbill,27,27,"The common waxbill (Common Waxbill), also known as the St Helena waxbill, is a small passerine bird belonging to the estrildid finch family. It is native to sub-Saharan Africa but has been introduced to many other regions of the world and now has an estimated global extent of occurrence of 10,000,000 km2. It is popular and easy to keep in captivity.",/kaggle/input/ugbirds/birdsuganda/image/Common_Waxbill
472764,Rock Kestrel,28,28,The rock kestrel (Rock Kestrel) is a bird of prey species belonging to the kestrel group of the falcon family Falconidae. It was previously considered a subspecies of the common kestrel (Falco tinnunculus).,/kaggle/input/ugbirds/birdsuganda/image/Rock_Kestrel
20934,Green Woodhoopoe,31,31,"The green wood hoopoe (Green Woodhoopoe) is a large, up to 44 cm (17 in) long, near-passerine tropical bird native to Africa. It is a member of the family Phoeniculidae, the wood hoopoes, and was formerly known as the red-billed wood hoopoe.",/kaggle/input/ugbirds/birdsuganda/image/Green_Woodhoopoe
4287,Cape Cormorant,24,24,The Cape cormorant or Cape shag (Cape Cormorant) is a bird endemic to the southwestern coasts of Africa.,/kaggle/input/ugbirds/birdsuganda/image/Cape_Cormorant
8224,Southern Boubou,32,32,"The southern boubou (Southern Boubou) ('ferrugineus' - rust-coloured) is a bushshrike. Though these passerine birds and their relations were once included with true shrikes in the Laniidae, they are not closely related to that family.",/kaggle/input/ugbirds/birdsuganda/image/Southern_Boubou
3652,Namaqua Dove,31,31,The Namaqua dove (Namaqua Dove) is a small pigeon. It is the only species in the genus Oena.,/kaggle/input/ugbirds/birdsuganda/image/Namaqua_Dove
6984,Red-billed Teal,22,22,"The red-billed teal (Red-billed Teal) is a dabbling duck which is an abundant resident breeder in southern and eastern Africa typically south of 10° S. This duck is not migratory, but will fly great distances to find suitable waters. It is highly gregarious outside the breeding season and forms large flocks.",/kaggle/input/ugbirds/birdsuganda/image/Red-billed_Teal
3978,Common Sandpiper,22,22,"The common sandpiper (Common Sandpiper) is a small Palearctic wader. This bird and its American sister species, the spotted sandpiper (A. macularia), make up the genus Actitis. They are parapatric and replace each other geographically; stray birds of either species may settle down with breeders of the other and hybridize. Hybridization has also been reported between the common sandpiper and the green sandpiper, a basal species of the closely related shank genus Tringa.",/kaggle/input/ugbirds/birdsuganda/image/Common_Sandpiper
1505776,White-fronted Plover,32,32,"The white-fronted plover or white-fronted sandplover (Charadrius marginatus) is a small (45-50 g) shorebird of the family Charadriidae that inhabits sandy beaches, dunes, mudflats and the shores of rivers and lakes in sub-saharan Africa and Madagascar. It nests in small shallow scrapes in the ground and lays clutches of one to three eggs. The species is monogamous and long-lived, with a life expectancy of approximately 12 years. The vast majority of pairs that mate together stay...",/kaggle/input/ugbirds/birdsuganda/image/White-fronted_Plover
203815,Olive Thrush,33,33,"The olive thrush (Olive Thrush) is, in its range, one of the most common members of the thrush family (Turdidae). It occurs in east African highlands from Tanzania and Zimbabwe in the north to the Cape of Good Hope in south. It is a bird of forest and woodland, but has locally adapted to parks and large gardens in suburban areas.",/kaggle/input/ugbirds/birdsuganda/image/Olive_Thrush
3888,Wood Sandpiper,30,30,"The wood sandpiper (Wood Sandpiper) is a small wader. This Eurasian species is the smallest of the shanks, which are mid-sized long-legged waders of the family Scolopacidae. The genus name Tringa is the New Latin name given to the green sandpiper by Aldrovandus in 1599 based on Ancient Greek trungas, a thrush-sized, white-rumped, tail-bobbing wading bird mentioned by Aristotle. The specific glareola is from Latin glarea, "" gravel"".",/kaggle/input/ugbirds/birdsuganda/image/Wood_Sandpiper
144663,Southern Red-billed Hornbill,30,30,"The southern red-billed hornbill (Southern Red-billed Hornbill) is a species of hornbill in the family Bucerotidae, which is native to the savannas and dryer bushlands of southern Africa. It is replaced by a near-relative, the Damara red-billed hornbill, in the arid woodlands of western Namibia. All five red-billed hornbills were formerly considered conspecific.",/kaggle/input/ugbirds/birdsuganda/image/Southern_Red-billed_Hornbill
72729,Rattling Cisticola,28,28,"The rattling cisticola (Rattling Cisticola) is a species of bird in the family Cisticolidae which is native to Africa south of the equator, and parts of East Africa. It is a common to abundant species in open savanna and scrubland habitats, whether in arid, moist or upland regions. Especially during summer, it is highly conspicuous due to its strident and repetitive call-notes from prominent perches.",/kaggle/input/ugbirds/birdsuganda/image/Rattling_Cisticola
145163,Greater Double-collared Sunbird,28,28,"The greater double-collared sunbird (Greater Double-collared Sunbird) (formerly placed in the genus Nectarinia), is a small bird in the sunbird family.",/kaggle/input/ugbirds/birdsuganda/image/Greater_Double-collared_Sunbird
508918,Black Crake,33,33,"The black crake (Amaurornis flavirostra) is a waterbird in the rail and crake family, Rallidae. It breeds in most of sub-Saharan Africa except in very arid areas. It undertakes some seasonal movements in those parts of its range which are subject to drought. No subspecies have been described.",/kaggle/input/ugbirds/birdsuganda/image/Black_Crake
4866,Spur-winged Lapwing,26,26,"The spur-winged lapwing or spur-winged plover (Spur-winged Lapwing) is a lapwing species, one of a group of largish waders in the family Charadriidae.",/kaggle/input/ugbirds/birdsuganda/image/Spur-winged_Lapwing
4776,African Openbill,33,33,The African openbill (African Openbill) is a species of stork in the family Ciconiidae.,/kaggle/input/ugbirds/birdsuganda/image/African_Openbill
73010,Giant Kingfisher,24,24,"The giant kingfisher (Giant Kingfisher) is the largest kingfisher in Africa, where it is a resident breeding bird over most of the continent south of the Sahara Desert other than the arid southwest.",/kaggle/input/ugbirds/birdsuganda/image/Giant_Kingfisher
3756,Glossy Ibis,32,32,"The glossy ibis (Glossy Ibis) is a wading bird in the ibis family Threskiornithidae. The scientific name derives from Ancient Greek plegados and Latin, falcis, both meaning ""sickle"" and referring to the distinctive shape of the bill.",/kaggle/input/ugbirds/birdsuganda/image/Glossy_Ibis
4951,Purple Heron,31,31,"The purple heron (Purple Heron) is a wide ranging species of wading bird in the heron family, Ardeidae. The scientific name comes from Latin ardea ""heron"", and purpureus, ""coloured purple"". It breeds in Africa, central and southern Europe, and southern and eastern Asia. The Western Palearctic populations migrate between breeding and wintering habitats whereas the African and tropical-Asian populations are primarily sedentary, except for occasional dispersive movements.",/kaggle/input/ugbirds/birdsuganda/image/Purple_Heron
5401,Lappet-faced Vulture,32,32,"The lappet-faced vulture or Nubian vulture (Lappet-faced Vulture) is an Old World vulture belonging to the bird order Accipitriformes, which also includes eagles, kites, buzzards and hawks. It is the only member of the genus Torgos. It is not closely related to the superficially similar New World vultures, and does not share the good sense of smell of some members of that group.",/kaggle/input/ugbirds/birdsuganda/image/Lappet-faced_Vulture
14923,Greater Blue-eared Starling,26,26,"The greater blue-eared starling or greater blue-eared glossy-starling (Greater Blue-eared Starling) is a bird that breeds from Senegal east to Ethiopia and south through eastern Africa to northeastern South Africa and Angola. It is a very common species of open woodland bird, and undertakes some seasonal migration.",/kaggle/input/ugbirds/birdsuganda/image/Greater_Blue-eared_Starling
204472,Common Buzzard,31,31,"The common buzzard (Common Buzzard) is a medium-to-large bird of prey whose range covers most of Europe and extends into Asia. Over much of its range, it is resident year-round, but birds from the colder parts of the Northern Hemisphere typically migrate south (some well into the Southern Hemisphere) for the northern winter.",/kaggle/input/ugbirds/birdsuganda/image/Common_Buzzard
472766,Eurasian Kestrel,26,26,"The common kestrel (Eurasian Kestrel) is a bird of prey species belonging to the kestrel group of the falcon family Falconidae. It is also known as the European kestrel, Eurasian kestrel, or Old World kestrel. In Britain, where no other kestrel species occurs, it is generally just called ""the kestrel"".",/kaggle/input/ugbirds/birdsuganda/image/Eurasian_Kestrel
5241,Brown Snake-Eagle,25,25,"The brown snake eagle (Brown Snake-Eagle) is a species of bird of prey in the family Accipitridae. It is found in West, East and southern Africa.",/kaggle/input/ugbirds/birdsuganda/image/Brown_Snake-Eagle
144540,Great Crested Tern,25,25,"The greater crested tern (Great Crested Tern), also called crested tern or swift tern, is a tern in the family Laridae that nests in dense colonies on coastlines and islands in the tropical and subtropical Old World. Its five subspecies breed in the area from South Africa around the Indian Ocean to the central Pacific and Australia, all populations dispersing widely from the breeding range after nesting. This large tern is closely related to the royal and...",/kaggle/input/ugbirds/birdsuganda/image/Great_Crested_Tern
7876,Black-headed Oriole,25,25,"The black-headed oriole (Black-headed Oriole) is a species of bird in the family Oriolidae. It is found in Africa and has a very striking appearance with a bright yellow body, contrasting black head and flesh-coloured beak.",/kaggle/input/ugbirds/birdsuganda/image/Black-headed_Oriole
8188,Bokmakierie,32,32,"The bokmakierie (Bokmakierie) is a bushshrike. This family of passerine birds is closely related to the true shrikes in the family Laniidae, and was once included in that group. This species is endemic to southern Africa, mainly in South Africa and Namibia, with an isolated population in the mountains of eastern Zimbabwe and western Mozambique.",/kaggle/input/ugbirds/birdsuganda/image/Bokmakierie
2191,European Bee-eater,30,30,"The European bee-eater (European Bee-eater) is a near passerine bird in the bee-eater family Meropidae. The genus name Merops is Ancient Greek for ""bee-eater"", and apiaster is Latin, also meaning ""bee-eater"", from apis, ""bee"". It breeds in southern Europe and in parts of north Africa and western Asia. It is strongly migratory, wintering in tropical Africa. This species occurs as a spring overshoot north of its range, with occasional breeding in northwest Europe.",/kaggle/input/ugbirds/birdsuganda/image/European_Bee-eater
145143,Scarlet-chested Sunbird,31,31,"The scarlet-chested sunbird (Scarlet-chested Sunbird) is a species of bird in the Nectariniidae family. It is found in Angola, Benin, Botswana, Burkina Faso, Burundi, Cameroon, Central African Republic, Chad, Democratic Republic of the Congo, Ivory Coast, Eritrea, Ethiopia, Gambia, Ghana, Guinea, Guinea-Bissau, Kenya, Malawi, Mali, Mauritania, Mozambique, Namibia, Niger, Nigeria, Rwanda, Senegal, Sierra Leone, South Africa, Sudan, Swaziland, Tanzania, Togo, Uganda, Zambia, and Zimbabwe.",/kaggle/input/ugbirds/birdsuganda/image/Scarlet-chested_Sunbird
5335,Long-crested Eagle,32,32,"The long-crested eagle (Long-crested Eagle) is an African bird of prey. Like all eagles, it is in the family Accipitridae. It is currently placed in a monotypic genus Lophaetus.",/kaggle/input/ugbirds/birdsuganda/image/Long-crested_Eagle
9271,Cape Canary,26,26,The Cape canary (Cape Canary) is a small passerine bird in the finch family. It is a resident breeder in southern Africa and has been introduced to Mauritius and Réunion.,/kaggle/input/ugbirds/birdsuganda/image/Cape_Canary
1583337,Burchells Coucal,31,31,"Burchell's coucal (Burchell's Coucal) is a species of cuckoo in the family Cuculidae. It is found in the southeastern parts of sub-Saharan Africa. It inhabits areas with thick cover afforded by rank undergrowth and scrub, including in suitable coastal regions. Common names include gewone vleiloerie in Afrikaans and umGugwane or uFukwe in Zulu. It is sometimes considered a subspecies of the white-browed coucal, which replaces it to the north and west. The juvenile plumages and calls...",/kaggle/input/ugbirds/birdsuganda/image/Burchells_Coucal
3878,Common Greenshank,25,25,"The common greenshank (Common Greenshank) is a wader in the large family Scolopacidae, the typical waders. The genus name Tringa is the New Latin name given to the green sandpiper by Aldrovandus in 1599 based on Ancient Greek trungas, a thrush-sized, white-rumped, tail-bobbing wading bird mentioned by Aristotle. The specific nebularia is from Latin nebula ""mist"". Like the Norwegian Skoddefoll, this refers to the greenshank's damp marshy habitat.",/kaggle/input/ugbirds/birdsuganda/image/Common_Greenshank
13964,Yellow Bishop,24,24,"The yellow bishop, Cape bishop, Cape widow or yellow-rumped widow (Yellow Bishop) is a resident breeding bird species in Angola, Botswana, Burundi, Cameroon, Congo, Equatorial Guinea, Ethiopia, Kenya, Lesotho, Malawi, Mozambique, Nigeria, Rwanda, South Africa, South Sudan, Swaziland, Tanzania, Uganda, Zambia and Zimbabwe.",/kaggle/input/ugbirds/birdsuganda/image/Yellow_Bishop
2266,European Roller,31,31,"The European roller (European Roller) is the only member of the roller family of birds to breed in Europe. Its overall range extends into the Middle East, Central Asia and Morocco.",/kaggle/input/ugbirds/birdsuganda/image/European_Roller
8296,Black-backed Puffback,31,31,"The black-backed puffback (Black-backed Puffback) is a species of passerine bird in the Malaconotidae family. They are common to fairly common sedentary bushshrikes in various wooded habitats in Africa south of the equator. They restlessly move about singly, in pairs or family groups, and generally frequent tree canopies. Like others of its genus, the males puff out the loose rump and lower back feathers in display, to assume a remarkable ball-like appearance. They draw attention to...",/kaggle/input/ugbirds/birdsuganda/image/Black-backed_Puffback
6986,Cape Teal,23,23,The Cape teal (Cape Teal) is a 44–46 cm long dabbling duck of open wetlands in sub-Saharan Africa.,/kaggle/input/ugbirds/birdsuganda/image/Cape_Teal
11920,White-throated Swallow,23,23,"The white-throated swallow (White-throated Swallow) is a small bird in the swallow family. It is a common species, found in southern Africa, which has benefited from the increased nesting opportunities presented by the construction of bridges and dams.",/kaggle/input/ugbirds/birdsuganda/image/White-throated_Swallow
12971,Spotted Flycatcher,32,32,"The spotted flycatcher (Spotted Flycatcher) is a small passerine bird in the Old World flycatcher family. It breeds in most of Europe and western Asia, and is migratory, wintering in Africa and south western Asia. It is declining in parts of its range.",/kaggle/input/ugbirds/birdsuganda/image/Spotted_Flycatcher
204506,Cape Bunting,23,23,The Cape bunting (Cape Bunting) is a passerine bird in the bunting family Emberizidae.,/kaggle/input/ugbirds/birdsuganda/image/Cape_Bunting
14064,Grosbeak Weaver,32,32,The thick-billed weaver or grosbeak weaver (Grosbeak Weaver) is a distinctive and bold species of weaver bird that is native to the Afrotropics. It comprises the monotypic genus Amblyospiza and subfamily Amblyospizinae.,/kaggle/input/ugbirds/birdsuganda/image/Grosbeak_Weaver
1505668,Kittlitzs Plover,22,22,"Kittlitz's plover (Kittlitz's Plover) is a small shorebird (35-40 g) in the family Charadriidae that breeds near coastal and inland saltmarshes, sandy or muddy riverbanks or alkaline grasslands with short vegetation. It is native to much of Sub-Saharan Africa, the Nile Delta and Madagascar. It is thought to be mainly polygamous and has monomorphic plumage.","/kaggle/input/ugbirds/birdsuganda/image/Kittlitz,s_Plover"
1506260,Cardinal Woodpecker,31,31,"The cardinal woodpecker (Cardinal Woodpecker) is a widespread and common resident breeder in much of sub-Saharan Africa. It occurs in a wide range of habitats, ranging from dense forest to thorn bush. It is fairly vocal and is easily identified by its call notes. The sexes are distinguishable by their head patterns.",/kaggle/input/ugbirds/birdsuganda/image/Cardinal_Woodpecker
3327,Emerald-spotted Wood-Dove,22,22,"The emerald-spotted wood dove (Emerald-spotted Wood-Dove) is a bird of the Columbidae family, resident across eastern and southern Africa.",/kaggle/input/ugbirds/birdsuganda/image/Emerald-spotted_Wood-Dove
72762,Magpie Shrike,27,27,"The magpie shrike (Magpie Shrike), also known as the African long-tailed shrike, is a species of bird in the Laniidae family. It is monotypic within the genus Urolestes. It is native to the grasslands of eastern and southeastern Africa, where its natural habitats are dry savannah, moist savannah, and subtropical or tropical dry shrubland. It has a very wide range and is common in places, and the International Union for Conservation of Nature has assessed its...",/kaggle/input/ugbirds/birdsuganda/image/Magpie_Shrike
14625,African Red-eyed Bulbul,30,30,The African red-eyed bulbul or black-fronted bulbul (African Red-eyed Bulbul) is a species of songbird in the family Pycnonotidae. It is found in south-western Africa. Its natural habitats are dry savanna and subtropical or tropical dry shrubland.,/kaggle/input/ugbirds/birdsuganda/image/African_Red-eyed_Bulbul
979641,Green-backed Camaroptera,27,27,"The green-backed camaroptera (Green-backed Camaroptera), also known as the bleating camaroptera, is a small bird in the Cisticolidae family. This bird is a resident breeder in Africa south of the Sahara Desert. Recent studies suggest this species and the grey-backed camaroptera may be the same species.",/kaggle/input/ugbirds/birdsuganda/image/Green-backed_Camaroptera
15030,Violet-backed Starling,27,27,"The Violet-Backed Starling (Violet-backed Starling), also known as the Plum-Colored Starling or Amethyst Starling, is a relatively small species of starling in the family Sturnidae. This strongly sexually dimorphic species is found widely in the woodlands and savannah forest edges of mainland sub-Saharan Africa. It is rarely seen on the ground, but instead commonly found in trees and other sources away from the ground.",/kaggle/input/ugbirds/birdsuganda/image/Violet-backed_Starling
1289692,Crested Francolin,28,28,"The crested francolin (Crested Francolin) is a species of bird in the family Phasianidae. It is found in southern Africa. One of its subspecies, Crested Francolin rovuma, is sometimes considered a separate species, Kirk's francolin.",/kaggle/input/ugbirds/birdsuganda/image/Crested_Francolin
145187,White-bellied Sunbird,28,28,"The white-bellied sunbird (White-bellied Sunbird), also known as the white-breasted sunbird, is a species of bird in the Nectariniidae family. It is found in Angola, Botswana, Democratic Republic of the Congo, Malawi, Mozambique, Namibia, South Africa, Swaziland, Tanzania, Zambia, and Zimbabwe.",/kaggle/input/ugbirds/birdsuganda/image/White-bellied_Sunbird
14708,Sombre Greenbul,28,28,"The sombre greenbul (Sombre Greenbul) is a member of the bulbul family of passerine birds. It is a resident breeder in coastal bush, evergreen forest and dry shrub land in eastern and southern Africa. It is the only member of the genus Andropadus.",/kaggle/input/ugbirds/birdsuganda/image/Sombre_Greenbul
145122,Collared Sunbird,22,22,"The collared sunbird, (Collared Sunbird), is a sunbird. The sunbirds are a group of very small Old World passerine birds which feed largely on nectar, although they will also take insects, especially when feeding young. Collared sunbird is in fact mainly insectivorous.",/kaggle/input/ugbirds/birdsuganda/image/Collared_Sunbird
2328,Gray-headed Kingfisher,22,22,"The grey-headed kingfisher (Gray-headed Kingfisher) has a wide distribution from the Cape Verde Islands off the north-west coast of Africa to Mauritania, Senegal and Gambia, east to Ethiopia, Somalia and southern Arabia and south to South Africa.",/kaggle/input/ugbirds/birdsuganda/image/Gray-headed_Kingfisher
3901,Eurasian Whimbrel,29,29,"The whimbrel (Eurasian Whimbrel) is a wader in the large family Scolopacidae. It is one of the most widespread of the curlews, breeding across much of subarctic North America, Europe and Asia as far south as Scotland.",/kaggle/input/ugbirds/birdsuganda/image/Eurasian_Whimbrel
8004,White-necked Raven,26,26,"The white-necked raven (White-necked Raven) is somewhat smaller (50–54 cm in length) than the common raven or indeed its nearest relative, the thick-billed raven C. crassirostris. Like the common raven, thick-billed raven and brown-necked raven, it is one of the larger raven species. The smaller raven species are the Australian raven, forest raven, little raven, fan-tailed raven and Chihuahuan raven with the thick-billed raven being the world's largest raven species and the Chihuahuan raven being",/kaggle/input/ugbirds/birdsuganda/image/White-necked_Raven
3838,Little Stint,23,23,"The little stint (Little Stint) (or Erolia minuta), is a very small wader. It breeds in arctic Europe and Asia, and is a long-distance migrant, wintering south to Africa and south Asia. It occasionally is a vagrant to North America and to Australia. The genus name is from Ancient Greek kalidris or skalidris, a term used by Aristotle for some grey-coloured waterside birds. The specific minuta is Latin for ""small.",/kaggle/input/ugbirds/birdsuganda/image/Little_Stint
14027,Red-cheeked Cordonbleu,25,25,"The red-cheeked cordon-bleu or red-cheeked cordonbleu (Red-cheeked Cordonbleu) is a small passerine bird. This estrildid finch is a resident breeding bird in drier regions of tropical Sub-Saharan Africa. Red-cheeked cordon-bleu has an estimated global extent of occurrence of 7,700,000 km².",/kaggle/input/ugbirds/birdsuganda/image/Red-cheeked_Cordonbleu
3722,White-backed Mousebird,33,33,The white-backed mousebird (White-backed Mousebird) is a large species of mousebird. It is distributed in western and central regions of southern Africa from Namibia and southern Botswana eastwards to Central Transvaal and the eastern Cape.,/kaggle/input/ugbirds/birdsuganda/image/White-backed_Mousebird
558436,Cape Shoveler,27,27,"The Cape shoveler or Cape shoveller (Cape Shoveler) is a species of dabbling duck of the genus Spatula. It is resident in South Africa, and uncommon further north in Namibia, Botswana, Zimbabwe, southern Angola, Lesotho, Mozambique, and Zambia.",/kaggle/input/ugbirds/birdsuganda/image/Cape_Shoveler
15052,Arrow-marked Babbler,25,25,The arrow-marked babbler (Arrow-marked Babbler) is a species of bird in the Leiothrichidae family.,/kaggle/input/ugbirds/birdsuganda/image/Arrow-marked_Babbler
13185,Southern Black-Flycatcher,28,28,"The southern black flycatcher (Southern Black-Flycatcher) is a small passerine bird of the genus Melaenornis in the flycatcher family, Muscicapidae, native to open and lightly wooded areas of eastern and southern Africa.",/kaggle/input/ugbirds/birdsuganda/image/Southern_Black-Flycatcher
145188,Variable Sunbird,32,32,"The variable sunbird (or yellow-bellied sunbird), Variable Sunbird (formerly Nectarinia venusta), is a sunbird. The sunbirds are a group of small Old World passerine birds which feed largely on nectar, although they will also take insects, especially when feeding young. Flight is fast and direct on their short wings. Most species can take nectar by hovering like a hummingbird, but usually perch to feed most of the time.",/kaggle/input/ugbirds/birdsuganda/image/Variable_Sunbird
144791,Greater Striped Swallow,24,24,The greater striped swallow (Greater Striped Swallow) is a large swallow that is native to Africa south of the equator.,/kaggle/input/ugbirds/birdsuganda/image/Greater_Striped_Swallow
4883,Pied Avocet,29,29,"The pied avocet (Pied Avocet) is a large black and white wader in the avocet and stilt family, Recurvirostridae. They breed in temperate Europe and western and Central Asia. It is a migratory species and most winter in Africa or southern Asia. Some remain to winter in the mildest parts of their range, for example in southern Spain and southern England. The pied avocet is one of the species to which the Agreement on the Conservation...",/kaggle/input/ugbirds/birdsuganda/image/Pied_Avocet
1585977,Karoo Scrub-Robin,26,26,Not available,/kaggle/input/ugbirds/birdsuganda/image/Karoo_Scrub-Robin
116831,Yellow-billed Oxpecker,26,26,"The yellow-billed oxpecker (Yellow-billed Oxpecker) is a passerine bird in the starling and myna family, Sturnidae; some ornithologists regard the oxpeckers to be a separate family, the Buphagidae (Zuccon, 2006). It is native to the savannah of Sub-Saharan Africa from Senegal east to Sudan. It is least common in the extreme east of its range where it overlaps with the red-billed oxpecker, despite always dominating that species when feeding.",/kaggle/input/ugbirds/birdsuganda/image/Yellow-billed_Oxpecker
13956,Sociable Weaver,29,29,"The sociable weaver (Sociable Weaver), also commonly known as the common social weaver, common social-weaver, and social weaver, is a species of bird in the Weaver family endemic to Southern Africa. It is the only species assigned to the genus Philetairus. It is found in South Africa, Namibia, and Botswana. but their range is centered within the Northern Cape Province of South Africa. They build large compound community nests, a rarity among birds. These nests are...",/kaggle/input/ugbirds/birdsuganda/image/Sociable_Weaver
13870,Northern Grey-headed Sparrow,24,24,"The northern grey-headed sparrow (Northern Grey-headed Sparrow), also known as the grey-headed or common grey-headed sparrow, is a species of bird in the sparrow family Passeridae, which is resident in much of tropical Africa. It occurs in a wide range of open habitats, including open woodlands and human habitation, often occupying the same niche as the house sparrow does in Eurasia.",/kaggle/input/ugbirds/birdsuganda/image/Northern_Grey-headed_Sparrow
15032,Wattled Starling,31,31,"The wattled starling (Wattled Starling) is a nomadic resident in eastern and southern Africa. It is a species of grassland, open woodland and cultivation.",/kaggle/input/ugbirds/birdsuganda/image/Wattled_Starling
5418,Palm-nut Vulture,23,23,"The palm-nut vulture (Palm-nut Vulture) or vulturine fish eagle, is a large bird of prey in the family Accipitridae (which also includes many other diurnal raptors such as kites, buzzards and harriers, vultures, and eagles). It is the only member of the genus Gypohierax. Unusual for birds of prey, it feeds mainly on the fruit of the oil palm, though it also feeds on crabs, molluscs, locusts, and fish, and has been known to occasionally attack...",/kaggle/input/ugbirds/birdsuganda/image/Palm-nut_Vulture
201231,House Bunting,32,32,The house bunting (House Bunting) is a passerine bird in the bunting family Emberizidae.,/kaggle/input/ugbirds/birdsuganda/image/House_Bunting
339593,Ruff,25,25,"The ruff (Ruff) is a medium-sized wading bird that breeds in marshes and wet meadows across northern Eurasia. This highly gregarious sandpiper is migratory and sometimes forms huge flocks in its winter grounds, which include southern and western Europe, Africa, southern Asia and Australia.",/kaggle/input/ugbirds/birdsuganda/image/Ruff
11896,Wire-tailed Swallow,32,32,"The wire-tailed swallow (Wire-tailed Swallow) is a small passerine bird in the swallow family. It has two subspecies: H. s. smithii, which occurs throughout Africa, and H. s. filifera, which is found in southern and southeastern Asia. It is mainly resident, but populations in Pakistan and northern India migrate further south in winter. The genus name Hirundo is the Latin word for swallow. The species name smithii commemorates Christen Smith, a Norwegian botanist and geologist.",/kaggle/input/ugbirds/birdsuganda/image/Wire-tailed_Swallow
495984,Swainsons Spurfowl,27,27,"The Swainson's spurfowl, Swainson's francolin or chikwari (Swainson's Spurfowl) is a species of bird in the family Phasianidae. It is found in Angola, Botswana, Lesotho, Malawi, Mozambique, Namibia, South Africa, Swaziland, Zambia, and Zimbabwe. In the Shona language in Zimbabwe this bird is called the chikwari and is considered a delicacy by outdoor and hunting enthusiasts.",/kaggle/input/ugbirds/birdsuganda/image/Swainsons_Spurfowl
1572860,Rufous-naped Lark,32,32,"The rufous-naped lark (Rufous-naped Lark) or rufous-naped bush lark is a widespread and conspicuous species of lark in the lightly wooded grasslands, open savannas and farmlands of the Afrotropics. Males attract attention to themselves by a bold and often repeated wing-fluttering display from a prominent perch, which is accompanied by a melodious and far-carrying whistled phrase. This rudimentary display has been proposed as the precursor to the wing-clapping displays of other bush lark species. ",/kaggle/input/ugbirds/birdsuganda/image/Rufous-naped_Lark
3689,Red-faced Mousebird,22,22,"The red-faced mousebird (Red-faced Mousebird) is a species of mousebird or coly. It is a common in southern Africa from Zaire, Zambia and Tanzania south to the Cape. Its habitat is savanna with thickets, fynbos scrub, other open woodland, gardens and orchards.",/kaggle/input/ugbirds/birdsuganda/image/Red-faced_Mousebird
4981,Black-crowned Night Heron,27,27,"The black-crowned night heron (Black-crowned Night Heron), commonly shortened to just night heron in Eurasia, is a medium-sized heron found throughout a large part of the world, except in the coldest regions and Australasia (where it is replaced by the closely related rufous night heron, with which it has hybridized in the area of contact).",/kaggle/input/ugbirds/birdsuganda/image/Black-crowned_Night_Heron
144469,Wahlbergs Eagle,33,33,"Wahlberg's eagle (Wahlberg's Eagle) is a bird of prey that is native to sub-Saharan Africa, where it is a seasonal migrant in the woodlands and savannas. It is named after the Swedish naturalist Johan August Wahlberg. Like all eagles, it belongs to the family Accipitridae.",/kaggle/input/ugbirds/birdsuganda/image/Wahlbergs_Eagle
201216,Kurrichane Thrush,30,30,"The Kurrichane thrush (Kurrichane Thrush) is a species of bird in the family Turdidae. It is found in Angola, Botswana, Burundi, Democratic Republic of the Congo, Lesotho, Malawi, Mozambique, Namibia, South Africa, Swaziland, Tanzania, Zambia, and Zimbabwe. Its natural habitat is dry savanna. Its name is derived from Kaditshwene (rendered as 'Kurrichane') in Botswana.",/kaggle/input/ugbirds/birdsuganda/image/Kurrichane_Thrush
12839,Capped Wheatear,33,33,"The capped wheatear (Capped Wheatear) is a small insectivorous passerine bird that was formerly classed as a member of the thrush family Turdidae, but is now more generally considered to be an Old World flycatcher, Muscicapidae.",/kaggle/input/ugbirds/birdsuganda/image/Capped_Wheatear
3405,African Green-Pigeon,26,26,"The African green pigeon (African Green-Pigeon) is a species of bird in the family Columbidae, and one of 5 green pigeon species in the Afrotropics. The species has a wide range in Sub-Saharan Africa with around 17 accepted races.",/kaggle/input/ugbirds/birdsuganda/image/African_Green-Pigeon
495975,Natal Spurfowl,22,22,"The Natal spurfowl or Natal francolin (Natal Spurfowl) is a species of bird in the family Phasianidae. It is found in Botswana, Mozambique, South Africa, Swaziland, Zambia, and Zimbabwe.",/kaggle/input/ugbirds/birdsuganda/image/Natal_Spurfowl
512160,Crowned Hornbill,29,29,The crowned hornbill (Crowned Hornbill) is an African hornbill.,/kaggle/input/ugbirds/birdsuganda/image/Crowned_Hornbill
527609,Yellow Canary,24,24,The yellow canary (Yellow Canary) is a small passerine bird in the finch family. It is a resident breeder in much of the western and central regions of southern Africa and has been introduced to Ascension and St Helena islands.,/kaggle/input/ugbirds/birdsuganda/image/Yellow_Canary
12038,Red-backed Shrike,28,28,"The red-backed shrike (Red-backed Shrike) is a carnivorous passerine bird and member of the shrike family Laniidae. The genus name, Lanius, is derived from the Latin word for ""butcher"", and some shrikes are also known as ""butcher birds"" because of their feeding habits. The specific collurio is from Ancient Greek kollurion, a bird mentioned by Aristotle. The common English name ""shrike"" is from Old English scríc, ""shriek"", referring to the shrill call.",/kaggle/input/ugbirds/birdsuganda/image/Red-backed_Shrike
12792,White-browed Robin-Chat,23,23,"The white-browed robin-chat (White-browed Robin-Chat), also known as Heuglin's robin, is a species of bird in the family Muscicapidae. Found in east, central and southern Africa, its natural habitats include riverine forest and thickets, and it is also found near humans. The IUCN classifies it as a least-concern species.",/kaggle/input/ugbirds/birdsuganda/image/White-browed_Robin-Chat
8396,Cape Batis,23,23,"The Cape batis (Cape Batis) is a small, stout insect-eating passerine bird in the wattle-eye family. It is endemic to the Afromontane forests of southern Africa.",/kaggle/input/ugbirds/birdsuganda/image/Cape_Batis
204471,Augur Buzzard,29,29,"The augur buzzard (Augur Buzzard) is a 55–60 cm long African bird of prey. The taxonomy on this species is confusing, with some taxonomists considering this species, the jackal buzzard, and the Archer's buzzard to be the same superspecies. Many taxonomists consider them all to be distinct, having different calls, different home ranges and variations in plumage. This is a species of mountains (most typically at about 2000 m altitude, but up to 5000 m), and adjacent savannah and...",/kaggle/input/ugbirds/birdsuganda/image/Augur_Buzzard
6930,Mallard,25,25,"The mallard (/ˈmælɑːrd/ or /ˈmælərd/) (Mallard) is a dabbling duck that breeds throughout the temperate and subtropical Americas, Eurasia, and North Africa and has been introduced to New Zealand, Australia, Peru, Brazil, Uruguay, Argentina, Chile, the Falkland Islands, and South Africa. This duck belongs to the subfamily Anatinae of the waterfowl family Anatidae. The male birds (drakes) have a glossy green head and are grey on wings and belly while the females (hens or ducks)...",/kaggle/input/ugbirds/birdsuganda/image/Mallard
5240,Black-chested Snake-Eagle,31,31,The black-chested snake eagle (Black-chested Snake-Eagle) is a large African bird of prey of the Accipitridae family. It resembles other snake-eagles and was once believed to be conspecific with the short-toed and Beaudouin's snake eagles.,/kaggle/input/ugbirds/birdsuganda/image/Black-chested_Snake-Eagle
144537,Caspian Tern,30,30,"The Caspian tern (Caspian Tern) is a species of tern, with a subcosmopolitan but scattered distribution. Despite its extensive range, it is monotypic of its genus, and has no accepted subspecies. The genus name is from Ancient Greek hudros, ""water"", and Latin progne, ""swallow"". The specific caspia is from Latin and, like the English name, refers to the Caspian Sea.",/kaggle/input/ugbirds/birdsuganda/image/Caspian_Tern
204454,Common Myna,29,29,"The common myna/Indian mynah (Common Myna), sometimes spelled mynah, also sometimes known as ""Indian myna"", is a member of the family Sturnidae (starlings and mynas) native to Asia. An omnivorous open woodland bird with a strong territorial instinct, the myna has adapted extremely well to urban environments.",/kaggle/input/ugbirds/birdsuganda/image/Common_Myna
13805,Baglafecht Weaver,23,23,"The baglafecht weaver (Baglafecht Weaver), also known as Reichenow's weaver, is a species of weaver bird from the family Ploceidae which is found in eastern and central Africa. The origin of the word baglafecht is something of a mystery and was coined by Georges-Louis Leclerc, Comte de Buffon, probably from a local name in an Abyssinian language. There are several disjunct populations with distinguishable plumage patterns. Only some races display a discrete non-breeding plumage.",/kaggle/input/ugbirds/birdsuganda/image/Baglafecht_Weaver
